{"cameraMode":{"drawMode":0,"name":"Shaded","section":"Shading Mode"},"sceneLighting":true,"audioPlay":false,"sceneViewState":{"showFog":true,"showMaterialUpdate":false,"showSkybox":true,"showFlares":true,"showImageEffects":true,"showParticleSystems":true},"in2DMode":false,"pivot":{"x":-0.0922386422753334,"y":2.7765543460845949,"z":-50.04875946044922},"rotation":{"x":0.09286601096391678,"y":-1.3534167564444033e-8,"z":-1.2555334549801956e-9,"w":0.9956788420677185},"size":5.107395172119141,"orthographic":false}