{"cameraMode":{"drawMode":0,"name":"Shaded","section":"Shading Mode"},"sceneLighting":true,"audioPlay":false,"sceneViewState":{"showFog":true,"showMaterialUpdate":false,"showSkybox":true,"showFlares":true,"showImageEffects":true,"showParticleSystems":true},"in2DMode":false,"pivot":{"x":-0.1844945251941681,"y":1.4032083749771119,"z":-47.54370880126953},"rotation":{"x":0.1374955177307129,"y":-0.03090217150747776,"z":0.004291758872568607,"w":0.9900110363960266},"size":4.166025161743164,"orthographic":false}