{"cameraMode":{"drawMode":0,"name":"Shaded","section":"Shading Mode"},"sceneLighting":true,"audioPlay":false,"sceneViewState":{"showFog":true,"showMaterialUpdate":false,"showSkybox":true,"showFlares":true,"showImageEffects":true,"showParticleSystems":true},"in2DMode":false,"pivot":{"x":-1.8905560970306397,"y":7.332889080047607,"z":1800.0660400390625},"rotation":{"x":0.003990613855421543,"y":-0.9953235387802124,"z":0.04721233993768692,"w":0.08410103619098664},"size":20.898597717285158,"orthographic":false}