{"cameraMode":{"drawMode":0,"name":"Shaded","section":"Shading Mode"},"sceneLighting":true,"audioPlay":false,"sceneViewState":{"showFog":false,"showMaterialUpdate":false,"showSkybox":false,"showFlares":false,"showImageEffects":false,"showParticleSystems":false},"in2DMode":false,"pivot":{"x":32.84514236450195,"y":9.488489151000977,"z":-47.72450256347656},"rotation":{"x":0.20491226017475129,"y":0.09233541786670685,"z":-0.019419744610786439,"w":0.9742311835289002},"size":28.028545379638673,"orthographic":false}