{"cameraMode":{"drawMode":0,"name":"Shaded","section":"Shading Mode"},"sceneLighting":true,"audioPlay":false,"sceneViewState":{"showFog":true,"showMaterialUpdate":false,"showSkybox":true,"showFlares":true,"showImageEffects":true,"showParticleSystems":true},"in2DMode":false,"pivot":{"x":-3.991386651992798,"y":3.66696834564209,"z":-46.8961067199707},"rotation":{"x":-0.12427408248186112,"y":0.1623665690422058,"z":-0.02062082476913929,"w":-0.9786496162414551},"size":4.099405765533447,"orthographic":false}